simulation_step,time_s,cell_voltage_V,concentration_loss_V,ohmic_loss_V,crossover_loss_V,activation_loss_V,anode_limiting_current_density_A_cm2,cathode_limiting_current_density_A_cm2,anode_water_flux_mol_m2_s,cathode_water_flux_mol_m2_s,anode_hydrogen_flux_mol_m2_s,cathode_oxygen_flux_mol_m2_s
0,0,0,nan,0.052238890075007378,-0.038312399041173402,0.34360948106896622,3.2948664503306864,1.1753994112453641,8.0522324221340624e-05,0.00038310747251851552,0.00057397325429734759,0.00039736609912893294
1,0.10000000000000001,0.65892432192041228,-0.093301093797814608,0.052238890075007378,-0.038312399041173402,0.34360948106896622,3.2948664503306864,1.3620836172215538,8.0522324221340624e-05,0.00026713960250372574,0.00057397325429734759,0.00039736609912893294
2,0.20000000000000001,0.68225931689900299,-0.07095575253801889,0.052238890075007378,-0.038312399041173402,0.34360948106896622,3.2948664503306864,1.5362826761963775,8.0522324221340624e-05,0.00018412662907238382,0.00057397325429734759,0.00039736609912893294
3,0.30000000000000004,0.69183475891179202,-0.062179755484462196,0.052238890075007378,-0.038312399041173402,0.34360948106896622,3.2948664503306864,1.6622666894238824,8.0522324221340624e-05,0.00012470367203235347,0.00057397325429734759,0.00039736609912893294
4,0.40000000000000002,0.69668218767247525,-0.057962614992021232,0.052238890075007378,-0.038312399041173402,0.34360948106896622,3.2948664503306864,1.7441726144420957,8.0522324221340624e-05,8.2167093984082819e-05,0.00057397325429734759,0.00039736609912893294
5,0.5,0.69976404975263928,-0.055367272857368997,0.052238890075007378,-0.038312399041173402,0.34360948106896622,3.2948664503306864,1.8041896042320775,8.0522324221340624e-05,5.1718247912054711e-05,0.00057397325429734759,0.00039736609912893294
6,0.60000000000000009,0.70177989665651619,-0.053720395816947965,0.052238890075007378,-0.038312399041173402,0.34360948106896622,3.2948664503306864,1.8469134039236248,8.0522324221340624e-05,2.9922131024938257e-05,0.00057397325429734759,0.00039736609912893294
7,0.70000000000000007,0.7030396358865113,-0.05273652365597796,0.052238890075007378,-0.038312399041173402,0.34360948106896622,3.2948664503306864,1.8743977304189061,8.0522324221340624e-05,1.4319874366901241e-05,0.00057397325429734759,0.00039736609912893294
8,0.80000000000000004,0.70388905736527096,-0.052091073561575843,0.052238890075007378,-0.038312399041173402,0.34360948106896622,3.2948664503306864,1.8932960841075419,8.0522324221340624e-05,3.1513522817976603e-06,0.00057397325429734759,0.00039736609912893294
9,0.90000000000000002,0.7044687545946452,-0.051660908455861611,0.052238890075007378,-0.038312399041173402,0.34360948106896622,3.2948664503306864,1.9062945582338173,8.0522324221340624e-05,-4.8433813198440376e-06,0.00057397325429734759,0.00039736609912893294
10,1,0.70486844608190335,-0.051370138517113147,0.052238890075007378,-0.038312399041173402,0.34360948106896622,3.2948664503306864,1.915270643770405,8.0522324221340624e-05,-1.0566230312233915e-05,0.00057397325429734759,0.00039736609912893294
11,1.1000000000000001,0.70514639674560831,-0.051171151145280744,0.052238890075007378,-0.038312399041173402,0.34360948106896622,3.2948664503306864,1.9215038920748631,8.0522324221340624e-05,-1.4662802158351739e-05,0.00057397325429734759,0.00039736609912893294
12,1.2000000000000002,0.70534104006519216,-0.051033552730046408,0.052238890075007378,-0.038312399041173402,0.34360948106896622,3.2948664503306864,1.9258579050062128,8.0522324221340624e-05,-1.759524033953066e-05,0.00057397325429734759,0.00039736609912893294
13,1.3,0.70547810008320222,-0.050937598172560813,0.052238890075007378,-0.038312399041173402,0.34360948106896622,3.2948664503306864,1.928915620181801,8.0522324221340624e-05,-1.9694359800741902e-05,0.00057397325429734759,0.00039736609912893294
14,1.4000000000000001,0.70557502545453021,-0.0508702377626645,0.052238890075007378,-0.038312399041173402,0.34360948106896622,3.2948664503306864,1.9310727574063695,8.0522324221340624e-05,-2.119696692839299e-05,0.00057397325429734759,0.00039736609912893294
15,1.5,0.70564379102847674,-0.050822708212652036,0.052238890075007378,-0.038312399041173402,0.34360948106896622,3.2948664503306864,1.9326001334685532,8.0522324221340624e-05,-2.227257421125107e-05,0.00057397325429734759,0.00039736609912893294
16,1.6000000000000001,0.70569269627543896,-0.050789041723077091,0.052238890075007378,-0.038312399041173402,0.34360948106896622,3.2948664503306864,1.9336846796040377,8.0522324221340624e-05,-2.3042523325458937e-05,0.00057397325429734759,0.00039736609912893294
17,1.7000000000000002,0.70572753928991683,-0.050765126289636794,0.052238890075007378,-0.038312399041173402,0.34360948106896622,3.2948664503306864,1.9344564470364289,8.0522324221340624e-05,-2.3593673961864211e-05,0.00057397325429734759,0.00039736609912893294
18,1.8,0.70575239602238804,-0.050748101718639027,0.052238890075007378,-0.038312399041173402,0.34360948106896622,3.2948664503306864,1.9350065242120822,8.0522324221340624e-05,-2.3988202663053157e-05,0.00057397325429734759,0.00039736609912893294
19,1.9000000000000001,0.70577014550350414,-0.050735963796945831,0.052238890075007378,-0.038312399041173402,0.34360948106896622,3.2948664503306864,1.9353990571209958,8.0522324221340624e-05,-2.4270617098926849e-05,0.00057397325429734759,0.00039736609912893294
20,2,0.70578282863916197,-0.050727300178198827,0.052238890075007378,-0.038312399041173402,0.34360948106896622,3.2948664503306864,1.9356794101643011,8.0522324221340624e-05,-2.4472777077020947e-05,0.00057397325429734759,0.00039736609912893294
21,2.1000000000000001,0.70579189605885595,-0.050721111377128147,0.052238890075007378,-0.038312399041173402,0.34360948106896622,3.2948664503306864,1.9358797689036658,8.0522324221340624e-05,-2.4617488719032371e-05,0.00057397325429734759,0.00039736609912893294
22,2.2000000000000002,0.70579838085657909,-0.050716687859752203,0.052238890075007378,-0.038312399041173402,0.34360948106896622,3.2948664503306864,1.9360230237910119,8.0522324221340624e-05,-2.4721077270688667e-05,0.00057397325429734759,0.00039736609912893294
23,2.3000000000000003,0.70580301982103555,-0.050713524768069743,0.052238890075007378,-0.038312399041173402,0.34360948106896622,3.2948664503306864,1.936125483600645,8.0522324221340624e-05,-2.479522878942692e-05,0.00057397325429734759,0.00039736609912893294
24,2.4000000000000004,0.70580633896434697,-0.050711262275260592,0.052238890075007378,-0.038312399041173402,0.34360948106896622,3.2948664503306864,1.9361987830196281,8.0522324221340624e-05,-2.4848308474809851e-05,0.00057397325429734759,0.00039736609912893294
25,2.5,0.70580871410103685,-0.05070964361036899,0.052238890075007378,-0.038312399041173402,0.34360948106896622,3.2948664503306864,1.9362512301178603,8.0522324221340624e-05,-2.4886304365498142e-05,0.00057397325429734759,0.00039736609912893294
26,2.6000000000000001,0.70581041388036181,-0.050708485381639697,0.052238890075007378,-0.038312399041173402,0.34360948106896622,3.2948664503306864,1.9362887615796693,8.0522324221340624e-05,-2.4913502863356238e-05,0.00057397325429734759,0.00039736609912893294
27,2.7000000000000002,0.70581163041952832,-0.050707656523489839,0.052238890075007378,-0.038312399041173402,0.34360948106896622,3.2948664503306864,1.9363156216763031,8.0522324221340624e-05,-2.4932972292084878e-05,0.00057397325429734759,0.00039736609912893294
28,2.8000000000000003,0.70581250114423644,-0.050707063323903991,0.052238890075007378,-0.038312399041173402,0.34360948106896622,3.2948664503306864,1.9363348458179048,8.0522324221340624e-05,-2.4946909041717079e-05,0.00057397325429734759,0.00039736609912893294
29,2.9000000000000004,0.7058131243778083,-0.050706638756783572,0.052238890075007378,-0.038312399041173402,0.34360948106896622,3.2948664503306864,1.9363486054208483,8.0522324221340624e-05,-2.4956885348316398e-05,0.00057397325429734759,0.00039736609912893294
30,3,0.70581357047726601,-0.050706334871474606,0.052238890075007378,-0.038312399041173402,0.34360948106896622,3.2948664503306864,1.9363584541197028,8.0522324221340624e-05,-2.4964026661462565e-05,0.00057397325429734759,0.00039736609912893294
31,3.1000000000000001,0.70581388979301873,-0.05070611735817409,0.052238890075007378,-0.038312399041173402,0.34360948106896622,3.2948664503306864,1.9363655036770797,8.0522324221340624e-05,-2.496913860874931e-05,0.00057397325429734759,0.00039736609912893294
32,3.2000000000000002,0.70581411836056884,-0.050705961664462271,0.052238890075007378,-0.038312399041173402,0.34360948106896622,3.2948664503306864,1.9363705497326298,8.0522324221340624e-05,-2.4972797880444468e-05,0.00057397325429734759,0.00039736609912893294
33,3.3000000000000003,0.70581428197168106,-0.050705850218876414,0.052238890075007378,-0.038312399041173402,0.34360948106896622,3.2948664503306864,1.9363741617293748,8.0522324221340624e-05,-2.4975417287216145e-05,0.00057397325429734759,0.00039736609912893294
34,3.4000000000000004,0.70581439908704746,-0.050705770445246129,0.052238890075007378,-0.038312399041173402,0.34360948106896622,3.2948664503306864,1.9363767472401812,8.0522324221340624e-05,-2.4977292330232027e-05,0.00057397325429734759,0.00039736609912893294
35,3.5,0.70581448292043436,-0.05070571334221069,0.052238890075007378,-0.038312399041173402,0.34360948106896622,3.2948664503306864,1.9363785979912196,8.0522324221340624e-05,-2.4978634537310988e-05,0.00057397325429734759,0.00039736609912893294
36,3.6000000000000001,0.70581454293015577,-0.050705672466865359,0.052238890075007378,-0.038312399041173402,0.34360948106896622,3.2948664503306864,1.9363799227949254,8.0522324221340624e-05,-2.4979595325851529e-05,0.00057397325429734759,0.00039736609912893294
37,3.7000000000000002,0.70581458588649437,-0.050705643207466851,0.052238890075007378,-0.038312399041173402,0.34360948106896622,3.2948664503306864,1.9363808711182198,8.0522324221340624e-05,-2.498028308456934e-05,0.00057397325429734759,0.00039736609912893294
38,3.8000000000000003,0.70581461663568235,-0.050705622262938572,0.052238890075007378,-0.038312399041173402,0.34360948106896622,3.2948664503306864,1.9363815499501633,8.0522324221340624e-05,-2.4980775401071816e-05,0.00057397325429734759,0.00039736609912893294
39,3.9000000000000004,0.70581463864672389,-0.050705607270348937,0.052238890075007378,-0.038312399041173402,0.34360948106896622,3.2948664503306864,1.9363820358746839,8.0522324221340624e-05,-2.498112781469072e-05,0.00057397325429734759,0.00039736609912893294
40,4,0.70581465440279401,-0.050705596538282424,0.052238890075007378,-0.038312399041173402,0.34360948106896622,3.2948664503306864,1.9363823837117473,8.0522324221340624e-05,-2.498138008199864e-05,0.00057397325429734759,0.00039736609912893294
41,4.1000000000000005,0.70581466568140216,-0.050705588855995791,0.052238890075007378,-0.038312399041173402,0.34360948106896622,3.2948664503306864,1.9363826327025189,8.0522324221340624e-05,-2.498156066183795e-05,0.00057397325429734759,0.00039736609912893294
42,4.2000000000000002,0.70581467375492901,-0.050705583356815187,0.052238890075007378,-0.038312399041173402,0.34360948106896622,3.2948664503306864,1.936382810936661,8.0522324221340624e-05,-2.4981689925826352e-05,0.00057397325429734759,0.00039736609912893294
43,4.2999999999999998,0.70581467953417554,-0.050705579420356563,0.052238890075007378,-0.038312399041173402,0.34360948106896622,3.2948664503306864,1.9363829385214009,8.0522324221340624e-05,-2.4981782456525028e-05,0.00057397325429734759,0.00039736609912893294
44,4.4000000000000004,0.70581468367111599,-0.050705576602534524,0.052238890075007378,-0.038312399041173402,0.34360948106896622,3.2948664503306864,1.9363830298499782,8.0522324221340624e-05,-2.4981848692530157e-05,0.00057397325429734759,0.00039736609912893294
45,4.5,0.70581468663245006,-0.050705574585461814,0.052238890075007378,-0.038312399041173402,0.34360948106896622,3.2948664503306864,1.9363830952254368,8.0522324221340624e-05,-2.4981896106074374e-05,0.00057397325429734759,0.00039736609912893294
46,4.6000000000000005,0.70581468875225306,-0.050705573141586698,0.052238890075007378,-0.038312399041173402,0.34360948106896622,3.2948664503306864,1.9363831420229605,8.0522324221340624e-05,-2.4981930045986219e-05,0.00057397325429734759,0.00039736609912893294
47,4.7000000000000002,0.70581469026966592,-0.050705572108021756,0.052238890075007378,-0.038312399041173402,0.34360948106896622,3.2948664503306864,1.9363831755218985,8.0522324221340624e-05,-2.4981954341103454e-05,0.00057397325429734759,0.00039736609912893294
48,4.8000000000000007,0.70581469135587116,-0.050705571368167911,0.052238890075007378,-0.038312399041173402,0.34360948106896622,3.2948664503306864,1.9363831995013494,8.0522324221340624e-05,-2.4981971732212915e-05,0.00057397325429734759,0.00039736609912893294
49,4.9000000000000004,0.70581469213340653,-0.050705570838560372,0.052238890075007378,-0.038312399041173402,0.34360948106896622,3.2948664503306864,1.9363832166664943,8.0522324221340624e-05,-2.4981984181244778e-05,0.00057397325429734759,0.00039736609912893294
50,5,0.70581469268998764,-0.050705570459452856,0.052238890075007378,-0.038312399041173402,0.34360948106896622,3.2948664503306864,1.9363832289537735,8.0522324221340624e-05,-2.4981993092602321e-05,0.00057397325429734759,0.00039736609912893294
51,5.1000000000000005,0.70581469308840383,-0.050705570188077351,0.052238890075007378,-0.038312399041173402,0.34360948106896622,3.2948664503306864,1.9363832377493431,8.0522324221340624e-05,-2.4981999471595781e-05,0.00057397325429734759,0.00039736609912893294
52,5.2000000000000002,0.70581469337360081,-0.050705569993819359,0.052238890075007378,-0.038312399041173402,0.34360948106896622,3.2948664503306864,1.936383244045452,8.0522324221340624e-05,-2.4982004037853824e-05,0.00057397325429734759,0.00039736609912893294
53,5.3000000000000007,0.70581469357775262,-0.050705569854764182,0.052238890075007378,-0.038312399041173402,0.34360948106896622,3.2948664503306864,1.9363832485523789,8.0522324221340624e-05,-2.4982007306506205e-05,0.00057397325429734759,0.00039736609912893294
54,5.4000000000000004,0.70581469372388994,-0.05070556975522468,0.052238890075007378,-0.038312399041173402,0.34360948106896622,3.2948664503306864,1.9363832517785606,8.0522324221340624e-05,-2.4982009646296991e-05,0.00057397325429734759,0.00039736609912893294
55,5.5,0.70581469382849926,-0.05070556968397158,0.052238890075007378,-0.038312399041173402,0.34360948106896622,3.2948664503306864,1.9363832540879493,8.0522324221340624e-05,-2.4982011321183244e-05,0.00057397325429734759,0.00039736609912893294
56,5.6000000000000005,0.70581469390338125,-0.050705569632966685,0.052238890075007378,-0.038312399041173402,0.34360948106896622,3.2948664503306864,1.9363832557410727,8.0522324221340624e-05,-2.4982012520112652e-05,0.00057397325429734759,0.00039736609912893294
57,5.7000000000000002,0.70581469395698382,-0.050705569596455974,0.052238890075007378,-0.038312399041173402,0.34360948106896622,3.2948664503306864,1.9363832569244239,8.0522324221340624e-05,-2.4982013378339082e-05,0.00057397325429734759,0.00039736609912893294
58,5.8000000000000007,0.70581469399535435,-0.050705569570320602,0.052238890075007378,-0.038312399041173402,0.34360948106896622,3.2948664503306864,1.9363832577714992,8.0522324221340624e-05,-2.4982013992681063e-05,0.00057397325429734759,0.00039736609912893294
59,5.9000000000000004,0.7058146940228206,-0.050705569551612185,0.052238890075007378,-0.038312399041173402,0.34360948106896622,3.2948664503306864,1.9363832583778589,8.0522324221340624e-05,-2.4982014432443836e-05,0.00057397325429734759,0.00039736609912893294
60,6,0.70581469404248198,-0.050705569538220197,0.052238890075007378,-0.038312399041173402,0.34360948106896622,3.2948664503306864,1.9363832588119076,8.0522324221340624e-05,-2.4982014747238081e-05,0.00057397325429734759,0.00039736609912893294
61,6.1000000000000005,0.70581469405655595,-0.050705569528633837,0.052238890075007378,-0.038312399041173402,0.34360948106896622,3.2948664503306864,1.9363832591226118,8.0522324221340624e-05,-2.4982014972576397e-05,0.00057397325429734759,0.00039736609912893294
62,6.2000000000000002,0.70581469406663067,-0.05070556952177168,0.052238890075007378,-0.038312399041173402,0.34360948106896622,3.2948664503306864,1.9363832593450219,8.0522324221340624e-05,-2.4982015133879751e-05,0.00057397325429734759,0.00039736609912893294
63,6.3000000000000007,0.70581469407384223,-0.05070556951685954,0.052238890075007378,-0.038312399041173402,0.34360948106896622,3.2948664503306864,1.9363832595042294,8.0522324221340624e-05,-2.4982015249345063e-05,0.00057397325429734759,0.00039736609912893294
64,6.4000000000000004,0.70581469407900455,-0.050705569513343297,0.052238890075007378,-0.038312399041173402,0.34360948106896622,3.2948664503306864,1.9363832596181945,8.0522324221340624e-05,-2.4982015331998318e-05,0.00057397325429734759,0.00039736609912893294
65,6.5,0.70581469408269992,-0.050705569510826283,0.052238890075007378,-0.038312399041173402,0.34360948106896622,3.2948664503306864,1.9363832596997737,8.0522324221340624e-05,-2.4982015391163783e-05,0.00057397325429734759,0.00039736609912893294
66,6.6000000000000005,0.70581469408534525,-0.05070556950902453,0.052238890075007378,-0.038312399041173402,0.34360948106896622,3.2948664503306864,1.9363832597581703,8.0522324221340624e-05,-2.4982015433516016e-05,0.00057397325429734759,0.00039736609912893294
67,6.7000000000000002,0.70581469408723874,-0.050705569507734777,0.052238890075007378,-0.038312399041173402,0.34360948106896622,3.2948664503306864,1.9363832597999724,8.0522324221340624e-05,-2.4982015463832921e-05,0.00057397325429734759,0.00039736609912893294
68,6.8000000000000007,0.70581469408859399,-0.050705569506811557,0.052238890075007378,-0.038312399041173402,0.34360948106896622,3.2948664503306864,1.9363832598298953,8.0522324221340624e-05,-2.4982015485534566e-05,0.00057397325429734759,0.00039736609912893294
69,6.9000000000000004,0.70581469408956443,-0.050705569506150683,0.052238890075007378,-0.038312399041173402,0.34360948106896622,3.2948664503306864,1.9363832598513149,8.0522324221340624e-05,-2.4982015501069215e-05,0.00057397325429734759,0.00039736609912893294
70,7,0.70581469409025888,-0.050705569505677603,0.052238890075007378,-0.038312399041173402,0.34360948106896622,3.2948664503306864,1.9363832598666479,8.0522324221340624e-05,-2.4982015512189341e-05,0.00057397325429734759,0.00039736609912893294
71,7.1000000000000005,0.70581469409075603,-0.050705569505338957,0.052238890075007378,-0.038312399041173402,0.34360948106896622,3.2948664503306864,1.9363832598776234,8.0522324221340624e-05,-2.4982015520149421e-05,0.00057397325429734759,0.00039736609912893294
72,7.2000000000000002,0.70581469409111197,-0.050705569505096554,0.052238890075007378,-0.038312399041173402,0.34360948106896622,3.2948664503306864,1.9363832598854802,8.0522324221340624e-05,-2.4982015525847493e-05,0.00057397325429734759,0.00039736609912893294
73,7.3000000000000007,0.70581469409136677,-0.050705569504923033,0.052238890075007378,-0.038312399041173402,0.34360948106896622,3.2948664503306864,1.9363832598911044,8.0522324221340624e-05,-2.4982015529926323e-05,0.00057397325429734759,0.00039736609912893294
74,7.4000000000000004,0.70581469409154918,-0.05070556950479882,0.052238890075007378,-0.038312399041173402,0.34360948106896622,3.2948664503306864,1.93638325989513,8.0522324221340624e-05,-2.4982015532846062e-05,0.00057397325429734759,0.00039736609912893294
75,7.5,0.70581469409167952,-0.050705569504709905,0.052238890075007378,-0.038312399041173402,0.34360948106896622,3.2948664503306864,1.936383259898012,8.0522324221340624e-05,-2.4982015534936058e-05,0.00057397325429734759,0.00039736609912893294
76,7.6000000000000005,0.705814694091773,-0.050705569504646268,0.052238890075007378,-0.038312399041173402,0.34360948106896622,3.2948664503306864,1.9363832599000745,8.0522324221340624e-05,-2.4982015536432156e-05,0.00057397325429734759,0.00039736609912893294
77,7.7000000000000002,0.70581469409183983,-0.050705569504600714,0.052238890075007378,-0.038312399041173402,0.34360948106896622,3.2948664503306864,1.9363832599015511,8.0522324221340624e-05,-2.4982015537503083e-05,0.00057397325429734759,0.00039736609912893294
78,7.8000000000000007,0.7058146940918878,-0.050705569504568088,0.052238890075007378,-0.038312399041173402,0.34360948106896622,3.2948664503306864,1.9363832599026085,8.0522324221340624e-05,-2.4982015538269722e-05,0.00057397325429734759,0.00039736609912893294
79,7.9000000000000004,0.70581469409192199,-0.050705569504544738,0.052238890075007378,-0.038312399041173402,0.34360948106896622,3.2948664503306864,1.9363832599033652,8.0522324221340624e-05,-2.4982015538818478e-05,0.00057397325429734759,0.00039736609912893294
80,8,0.70581469409194675,-0.050705569504528029,0.052238890075007378,-0.038312399041173402,0.34360948106896622,3.2948664503306864,1.9363832599039068,8.0522324221340624e-05,-2.4982015539211291e-05,0.00057397325429734759,0.00039736609912893294
81,8.0999999999999996,0.70569798231189362,-0.050771712922982784,0.052238890075007378,-0.038312399041173402,0.34360948106896622,3.2836958168915027,1.9363696561337158,8.0556025064618098e-05,-2.4972149855863396e-05,0.00057226671387667738,0.00039736609912893294
82,8.2000000000000011,0.70558160943023518,-0.050837928389719525,0.052238890075007378,-0.038312399041173402,0.34360948106896622,3.2727234802693186,1.936334155837504,8.0589351632782906e-05,-2.4946408801021427e-05,0.00057059046730956035,0.00039736609912893294
83,8.3000000000000007,0.70546586145246537,-0.050904014023372489,0.052238890075007378,-0.038312399041173402,0.34360948106896622,3.2619449760173289,1.9362834275666931,8.0622307766579191e-05,-2.4909636954657151e-05,0.00056894383256135832,0.00039736609912893294
84,8.4000000000000004,0.7053509382118992,-0.050969826812952784,0.052238890075007378,-0.038312399041173402,0.34360948106896622,3.2513559686145195,1.9362222320147022,8.0654897274593944e-05,-2.4865294671626438e-05,0.00056732614729345906,0.00039736609912893294
85,8.5,0.70523697801703322,-0.051035265792785618,0.052238890075007378,-0.038312399041173402,0.34360948106896622,3.2409522468413048,1.9361539667484864,8.0687123933354337e-05,-2.4815851658044559e-05,0.00056573676815680971,0.00039736609912893294
86,8.5999999999999996,0.70512407524581777,-0.05110026005104492,0.052238890075007378,-0.038312399041173402,0.34360948106896622,3.2307297193531661,1.9360810547968417,8.0718991487429534e-05,-2.4763068696238405e-05,0.00056417507011570056,0.00039736609912893294
87,8.7000000000000011,0.70501229291626888,-0.051164760170345214,0.052238890075007378,-0.038312399041173402,0.34360948106896622,3.2206844104424524,1.9360052221812916,8.0750503649536963e-05,-2.4708199303723127e-05,0.00056264044580029544,0.00039736609912893294
88,8.8000000000000007,0.70490167167327544,-0.051228732111479228,0.052238890075007378,-0.038312399041173402,0.34360948106896622,3.2108124559791,1.9359276962970695,8.0781664100652316e-05,-2.4652134079078329e-05,0.00056113230488649257,0.00039736609912893294
89,8.9000000000000004,0.70479223621588749,-0.051292152839556085,0.052238890075007378,-0.038312399041173402,0.34360948106896622,3.2011100995214958,1.9358493478019114,8.081247649012394e-05,-2.459550402184048e-05,0.00055965007350178232,0.00039736609912893294
90,9,0.70468399989514352,-0.051355007194438626,0.052238890075007378,-0.038312399041173402,0.34360948106896622,3.191573688589231,1.9357707921419045,8.084294443579065e-05,-2.4538754485158531e-05,0.00055819319365583335,0.00039736609912893294
91,9.0999999999999996,0.70457696800351843,-0.051417285650618219,0.052238890075007378,-0.038312399041173402,0.34360948106896622,3.1821996710899421,1.9356924622168747,8.0873071524103598e-05,-2.4482198106850745e-05,0.00055676112269462054,0.00039736609912893294
92,9.2000000000000011,0.70447114012827772,-0.051478982713299988,0.052238890075007378,-0.038312399041173402,0.34360948106896622,3.1729845918928303,1.9356146603988558,8.0902861310251452e-05,-2.4426052692883879e-05,0.00055535333277696166,0.00039736609912893294
93,9.3000000000000007,0.70436651183491383,-0.051540095769784716,0.052238890075007378,-0.038312399041173402,0.34360948106896622,3.1639250895419129,1.9355375957740981,8.0932317318289094e-05,-2.4370468329631822e-05,0.00055396931037239811,0.00039736609912893294
94,9.4000000000000004,0.7042630758710704,-0.051600624266788998,0.052238890075007378,-0.038312399041173402,0.34360948106896622,3.1550178931023791,1.9354614108071873,8.0961443041269659e-05,-2.4315546786034114e-05,0.00055260855577941371,0.00039736609912893294
95,9.5,0.70416082302720473,-0.051660569121152945,0.052238890075007378,-0.038312399041173402,0.34360948106896622,3.1462598191338031,1.9353862004314974,8.0990241941379727e-05,-2.4261355396877553e-05,0.00055127058266303108,0.00039736609912893294
96,9.6000000000000014,0.70405974275151317,-0.051719932297691784,0.052238890075007378,-0.038312399041173402,0.34360948106896622,3.137647768784313,1.9353120257163412,8.1018717450077594e-05,-2.4207936995728074e-05,0.00054995491761088643,0.00039736609912893294
97,9.7000000000000011,0.70395982358893572,-0.051778716506763127,0.052238890075007378,-0.038312399041173402,0.34360948106896622,3.1291787250000902,1.9352389236503302,8.1046872968234344e-05,-2.4155317020297266e-05,0.00054866109970692543,0.00039736609912893294
98,9.8000000000000007,0.70386105349423,-0.051836924987585395,0.052238890075007378,-0.038312399041173402,0.34360948106896622,3.1208497498449144,1.9351669141433381,8.1074711866278127e-05,-2.4103508593953894e-05,0.00054738868012190833,0.00039736609912893294
99,9.9000000000000004,0.70376342005490322,-0.05189456135298201,0.052238890075007378,-0.038312399041173402,0.34360948106896622,3.112657981924702,1.9350960050365165,8.1102237484340607e-05,-2.4052516158690268e-05,0.00054613722171995634,0.00039736609912893294
100,10,0.70366691064963416,-0.051951629478126926,0.052238890075007378,-0.038312399041173402,0.34360948106896622,3.1046006339122787,1.93502619568576,8.1129453132406477e-05,-2.4002338071356305e-05,0.00054490629868041087,0.00039736609912893294
101,10.100000000000001,0.70357151256053763,-0.052008133420810551,0.052238890075007378,-0.038312399041173402,0.34360948106896622,3.0966749901678625,1.9349574795235629,8.1156362090465284e-05,-2.3952968457940853e-05,0.00054369549613431426,0.00039736609912893294
102,10.200000000000001,0.70347721305241051,-0.052064077364284436,0.052238890075007378,-0.038312399041173402,0.34360948106896622,3.0888784044509685,1.9348898458893109,8.1182967608665524e-05,-2.3904398536904094e-05,0.00054250440981485552,0.00039736609912893294
103,10.300000000000001,0.7033839994283716,-0.052119465576280583,0.052238890075007378,-0.038312399041173402,0.34360948106896622,3.0812082977196384,1.9348232813357344,8.1209272907471281e-05,-2.3856617562595747e-05,0.00054133264572116019,0.00039736609912893294
104,10.4,0.70329185906863212,-0.052174302379615969,0.052238890075007378,-0.038312399041173402,0.34360948106896622,3.0736621560131701,1.9347577705603223,8.1235281177820818e-05,-2.3809613496867489e-05,0.0005401798197948325,0.00039736609912893294
105,10.5,0.70320077945721826,-0.052228592131096423,0.052238890075007378,-0.038312399041173402,0.34360948106896622,3.0662375284146259,1.9346932970682547,8.126099558128731e-05,-2.37633734862595e-05,0.00053904555760868865,0.00039736609912893294
106,10.600000000000001,0.70311074820010422,-0.052282339206364305,0.052238890075007378,-0.038312399041173402,0.34360948106896622,3.0589320250896699,1.9346298436431901,8.1286419250241681e-05,-2.3717884200145996e-05,0.00053792949406714899,0.00039736609912893294
107,10.700000000000001,0.70302175303722003,-0.05233554798900418,0.052238890075007378,-0.038312399041173402,0.34360948106896622,3.0517433153983959,1.9345673926805613,8.13115552880171e-05,-2.3673132069479846e-05,0.00053683127311778087,0.00039736609912893294
108,10.800000000000001,0.70293378185011024,-0.052388222862697738,0.052238890075007378,-0.038312399041173402,0.34360948106896622,3.0446691260769962,1.934505926422535,8.1336406769075476e-05,-2.362910345450645e-05,0.00053575054747351301,0.00039736609912893294
109,10.9,0.70284682266650378,-0.052440368205562915,0.052238890075007378,-0.038312399041173402,0.34360948106896622,3.0377072394862812,1.934445427122667,8.1360976739175536e-05,-2.3585784761748947e-05,0.00053468697834506049,0.00039736609912893294
110,11,0.70276086366270329,-0.05249198838605719,0.052238890075007378,-0.038312399041173402,0.34360948106896622,3.0308554919241937,1.9343858771603315,8.1385268215542571e-05,-2.354316252479325e-05,0.00053364023518312704,0.00039736609912893294
111,11.100000000000001,0.70267589316443835,-0.052543087760001508,0.052238890075007378,-0.038312399041173402,0.34360948106896622,3.0241117719995989,1.9343272591192899,8.1409284187039657e-05,-2.3501223459267797e-05,0.00053260999542996922,0.00039736609912893294
112,11.200000000000001,0.7025918996466477,-0.052593670668406596,0.052238890075007378,-0.038312399041173402,0.34360948106896622,3.0174740190647729,1.9342695558407017,8.1433027614340425e-05,-2.3459954499454417e-05,0.0005315959442799272,0.00039736609912893294
113,11.300000000000001,0.70250887173251664,-0.052643741435874171,0.052238890075007378,-0.038312399041173402,0.34360948106896622,3.0109402217041361,1.9342127504579332,8.1456501430103006e-05,-2.3419342821848794e-05,0.00053059777444854756,0.00039736609912893294
114,11.4,0.70242679819201082,-0.052693304369410388,0.052238890075007378,-0.038312399041173402,0.34360948106896622,3.004508416276876,1.9341568264184399,8.1479708539145416e-05,-2.3379375859474299e-05,0.00052961518594993979,0.00039736609912893294
115,11.5,0.70234566794006581,-0.052742363757534536,0.052238890075007378,-0.038312399041173402,0.34360948106896622,2.9981766855112353,1.9341017674964898,8.1502651818622155e-05,-2.3340041309667147e-05,0.00052864788588202565,0.00039736609912893294
116,11.600000000000001,0.70226547003456052,-0.052790923869599576,0.052238890075007378,-0.038312399041173402,0.34360948106896622,2.9919431571483419,1.9340475577994338,8.152533411820171e-05,-2.3301327137275733e-05,0.00052769558821935615,0.00039736609912893294
117,11.700000000000001,0.70218619367415203,-0.052838988955265148,0.052238890075007378,-0.038312399041173402,0.34360948106896622,2.9858060026335447,1.9339941817694382,8.1547758260245415e-05,-2.3263221574660201e-05,0.0005267580136131874,0.00039736609912893294
118,11.800000000000001,0.70210782819603257,-0.052886563244079907,0.052238890075007378,-0.038312399041173402,0.34360948106896622,2.9797634358533371,1.9339416241820651,8.1569927039986989e-05,-2.3225713119481996e-05,0.00052583488919851872,0.00039736609912893294
119,11.9,0.70203036307365585,-0.0529336509451429,0.052238890075007378,-0.038312399041173402,0.34360948106896622,2.9738137119160029,1.9338898701426863,8.1591843225713197e-05,-2.3188790530988414e-05,0.00052492594840781363,0.00039736609912893294
120,12,0.70195378791445329,-0.052980256246822469,0.052238890075007378,-0.038312399041173402,0.34360948106896622,2.96795512597425,1.9338389050814149,8.1613509558945229e-05,-2.3152442825292922e-05,0.00052403093079113111,0.00039736609912893294
121,12.100000000000001,0.70187809245756805,-0.053026383316516358,0.052238890075007378,-0.038312399041173402,0.34360948106896622,2.9621860120881318,1.9337887147470789,8.1634928754620978e-05,-2.3116659270008103e-05,0.00052314958184241582,0.00039736609912893294
122,12.200000000000001,0.70180326657161585,-0.053072036300442924,0.052238890075007378,-0.038312399041173402,0.34360948106896622,2.956504742126675,1.9337392852005626,8.165610350127769e-05,-2.3081429378482491e-05,0.00052228165283169765,0.00039736609912893294
123,12.300000000000001,0.70172930025248437,-0.053117219323454729,0.052238890075007378,-0.038312399041173402,0.34360948106896622,2.9509097247066629,1.9336906028077914,8.1677036461235761e-05,-2.3046742903819851e-05,0.00052142690064297108,0.00039736609912893294
124,12.4,0.70165618362117455,-0.053161936488869542,0.052238890075007378,-0.038312399041173402,0.34360948106896622,2.9453994041671279,1.9336426542325174,8.169773027078258e-05,-2.3012589832804559e-05,0.00052058508761752701,0.00039736609912893294
125,12.5,0.70158390692169026,-0.053206191878314164,0.052238890075007378,-0.038312399041173402,0.34360948106896622,2.9399722595781581,1.9335954264290436,8.1718187540357327e-05,-2.2978960379820804e-05,0.00051975598140252847,0.00039736609912893294
126,12.600000000000001,0.70151246051897731,-0.05324998955157903,0.052238890075007378,-0.038312399041173402,0.34360948106896622,2.9346268037826642,1.933548906634962,8.173841085473593e-05,-2.2945844980824658e-05,0.00051893935480462052,0.00039736609912893294
127,12.700000000000001,0.70144183489690992,-0.053293333546480803,0.052238890075007378,-0.038312399041173402,0.34360948106896622,2.9293615824698671,1.9335030823639754,8.1758402773216511e-05,-2.291323428740993e-05,0.00051813498564838784,0.00039736609912893294
128,12.800000000000001,0.70137202065633042,-0.053336227878732295,0.052238890075007378,-0.038312399041173402,0.34360948106896622,2.92417517327925,1.93345794139883,8.1778165829805266e-05,-2.2881119160994555e-05,0.00051734265663946368,0.00039736609912893294
129,12.9,0.70130300851313587,-0.053378676541818104,0.052238890075007378,-0.038312399041173402,0.34360948106896622,2.919066184933834,1.9334134717844018,8.1797702533402441e-05,-2.2849490667144713e-05,0.00051656215523212146,0.00039736609912893294
130,13,0.7012347892964147,-0.053420683506876107,0.052238890075007378,-0.038312399041173402,0.34360948106896622,2.9140332564016496,1.9333696618209364,8.1817015367988735e-05,-2.2818340070046719e-05,0.00051579327350117251,0.00039736609912893294
131,13.100000000000001,0.70116735394662955,-0.053462252722583509,0.052238890075007378,-0.038312399041173402,0.34360948106896622,2.9090750560843532,1.9333265000574622,8.1836106792811729e-05,-2.2787658827133044e-05,0.00051503580801800966,0.00039736609912893294
132,13.200000000000001,0.70110069351384863,-0.053503388115047526,0.052238890075007378,-0.038312399041173402,0.34360948106896622,2.9041902810319438,1.9332839752853859,8.1854979242572615e-05,-2.2757438583863748e-05,0.00051428955973064066,0.00039736609912893294
133,13.300000000000001,0.70103479915601885,-0.053544093587700944,0.052238890075007378,-0.038312399041173402,0.34360948106896622,2.899377656182621,1.9332420765322562,8.1873635127612782e-05,-2.2727671168663355e-05,0.00051355433384756043,0.00039736609912893294
134,13.4,0.70096966213728551,-0.053584373021201413,0.052238890075007378,-0.038312399041173402,0.34360948106896622,2.894635933626851,1.9332007930557138,8.1892076834100668e-05,-2.2698348588011909e-05,0.00051282993972532188,0.00039736609912893294
135,13.5,0.70090527382635237,-0.053624230273335613,0.052238890075007378,-0.038312399041173402,0.34360948106896622,2.8899638918947201,1.9331601143376109,8.1910306724218459e-05,-2.2669463021686577e-05,0.00051211619075966594,0.00039736609912893294
136,13.600000000000001,0.70084162569488317,-0.053663669178927113,0.052238890075007378,-0.038312399041173402,0.34360948106896622,2.885360335265748,1.9331200300783073,8.1928327136348805e-05,-2.2641006818151013e-05,0.00051141290428008044,0.00039736609912893294
137,13.700000000000001,0.70077870931594211,-0.053702693549748617,0.052238890075007378,-0.038312399041173402,0.34360948106896622,2.8808240931003266,1.933080530191132,8.1946140385261322e-05,-2.2612972490087726e-05,0.00051071990144766388,0.00039736609912893294
138,13.800000000000001,0.70071651636247334,-0.053741307174438591,0.052238890075007378,-0.038312399041173402,0.34360948106896622,2.8763540191919774,1.9330416047970091,8.1963748762299194e-05,-2.258535271007018e-05,0.0005100370071561707,0.00039736609912893294
139,13.9,0.70065503860581613,-0.05377951381842179,0.052238890075007378,-0.038312399041173402,0.34360948106896622,2.871948991139706,1.9330032442192429,8.1981154535565307e-05,-2.255814030636938e-05,0.00050936404993612457,0.00039736609912893294
140,14,0.7005942679142555,-0.053817317223834031,0.052238890075007378,-0.038312399041173402,0.34360948106896622,2.8676079097397049,1.9329654389784594,8.1998359950108426e-05,-2.2531328258890733e-05,0.00050870086186188942,0.00039736609912893294
141,14.100000000000001,0.70053419625160851,-0.053854721109451317,0.052238890075007378,-0.038312399041173402,0.34360948106896622,2.8633296983957206,1.9329281797876947,8.2015367228108809e-05,-2.2504909695237504e-05,0.00050804727846158991,0.00039736609912893294
142,14.200000000000001,0.70047481567584191,-0.053891729170623071,0.052238890075007378,-0.038312399041173402,0.34360948106896622,2.8591133025474051,1.9328914575476288,8.2032178569063971e-05,-2.2478877886895534e-05,0.0005074031386297827,0.00039736609912893294
143,14.300000000000001,0.70041611833772333,-0.053928345079209593,0.052238890075007378,-0.038312399041173402,0.34360948106896622,2.8549576891160386,1.9328552633419611,8.204879614997365e-05,-2.2453226245535812e-05,0.00050676828454277725,0.00039736609912893294
144,14.4,0.70035809647950176,-0.05396457248352364,0.052238890075007378,-0.038312399041173402,0.34360948106896622,2.8508618459669854,1.9328195884329202,8.2065222125524701e-05,-2.242794831943023e-05,0.00050614256157651587,0.00039736609912893294
145,14.5,0.70030074243361851,-0.054000415008276445,0.052238890075007378,-0.038312399041173402,0.34360948106896622,2.8468247813882992,1.9327844242569046,8.2081458628275523e-05,-2.2403037789977513e-05,0.00050552581822692051,0.00039736609912893294
146,14.600000000000001,0.70024404862144829,-0.054035876254527646,0.052238890075007378,-0.038312399041173402,0.34360948106896622,2.8428455235849244,1.9327497624202525,8.2097507768840019e-05,-2.2378488468333929e-05,0.00050491790603262134,0.00039736609912893294
147,14.700000000000001,0.70018800755206534,-0.054070959799639717,0.052238890075007378,-0.038312399041173402,0.34360948106896622,2.8389231201879399,1.93271559469513,8.2113371636071138e-05,-2.2354294292146879e-05,0.00050431867949998375,0.00039736609912893294
148,14.800000000000001,0.70013261182103848,-0.054105669197236313,0.052238890075007378,-0.038312399041173402,0.34360948106896622,2.8350566377783246,1.9326819130155422,8.2129052297243887e-05,-2.2330449322386397e-05,0.00050372799603035404,0.00039736609912893294
149,14.9,0.70007785410925183,-0.054140007977164992,0.052238890075007378,-0.038312399041173402,0.34360948106896622,2.83124516142475,1.9326487094734544,8.2144551798237926e-05,-2.2306947740271868e-05,0.00050314571584944795,0.00039736609912893294
150,15,0.70002372718174999,-0.054173979645463874,0.052238890075007378,-0.038312399041173402,0.34360948106896622,2.8274877942349117,1.9326159763150306,8.2159872163719362e-05,-2.2283783844290412e-05,0.00050257170193880715,0.00039736609912893294
151,15.100000000000001,0.6999702238866079,-0.054207587684332648,0.052238890075007378,-0.038312399041173402,0.34360948106896622,2.8237836569199444,1.9325837059369706,8.2175015397322433e-05,-2.2260952047304118e-05,0.00050200581996925561,0.00039736609912893294
152,15.200000000000001,0.69991733715382454,-0.054240835552107527,0.052238890075007378,-0.038312399041173402,0.34360948106896622,2.8201318873714674,1.9325518908829589,8.2189983481829946e-05,-2.2238446873742186e-05,0.0005014479382362835,0.00039736609912893294
153,15.300000000000001,0.6998650599942382,-0.054273726683240299,0.052238890075007378,-0.038312399041173402,0.34360948106896622,2.8165316402508465,1.9325205238402068,8.2204778379353744e-05,-2.221626295687606e-05,0.00050089792759729947,0.00039736609912893294
154,15.4,0.69981338549846506,-0.054306264488281346,0.052238890075007378,-0.038312399041173402,0.34360948106896622,2.812982086590246,1.9324895976360987,8.2219402031514084e-05,-2.2194395036174621e-05,0.00050035566141068345,0.00039736609912893294
155,15.5,0.69976230683585816,-0.054338452353866903,0.052238890075007378,-0.038312399041173402,0.34360948106896622,2.8094824134050871,1.9324591052349243,8.2233856359618414e-05,-2.2172837954735477e-05,0.00049982101547658086,0.00039736609912893294
156,15.600000000000001,0.69971181725348708,-0.054370293642709913,0.052238890075007378,-0.038312399041173402,0.34360948106896622,2.8060318233175292,1.9324290397347084,8.2248143264839705e-05,-2.2151586656791646e-05,0.00049929386797938286,0.00039736609912893294
157,15.700000000000001,0.699661910075138,-0.05440179169359504,0.052238890075007378,-0.038312399041173402,0.34360948106896622,2.8026295341906073,1.9323993943641244,8.2262264628393721e-05,-2.213063618528971e-05,0.00049877409943183289,0.00039736609912893294
158,15.800000000000001,0.69961257870033222,-0.054432949821377558,0.052238890075007378,-0.038312399041173402,0.34360948106896622,2.7992747787726753,1.9323701624794951,8.2276222311715718e-05,-2.2109981679537421e-05,0.00049826159262070777,0.00039736609912893294
159,15.9,0.69956381660336431,-0.054463771316985841,0.052238890075007378,-0.038312399041173402,0.34360948106896622,2.795966804351818,1.9323413375618741,8.2290018156636405e-05,-2.2089618372918576e-05,0.00049775623255402315,0.00039736609912893294
160,16,0.69951561733235768,-0.054494259447427945,0.052238890075007378,-0.038312399041173402,0.34360948106896622,2.7927048724199004,1.9323129132142074,8.230365398555717e-05,-2.2069541590673186e-05,0.0004972579064097092,0.00039736609912893294
161,16.100000000000001,0.69946797450833809,-0.054524417455801708,0.052238890075007378,-0.038312399041173402,0.34360948106896622,2.789488258345945,1.9322848831585733,8.231713160162427e-05,-2.204974674773975e-05,0.00049676650348571346,0.00039736609912893294
162,16.199999999999999,0.6994208818243236,-0.054554248561308499,0.052238890075007378,-0.038312399041173402,0.34360948106896622,2.7863162510585417,1.9322572412334948,8.233045278890238e-05,-2.2030229346658846e-05,0.00049628191515148107,0.00039736609912893294
163,16.300000000000001,0.69937433304443197,-0.054583755959270744,0.052238890075007378,-0.038312399041173402,0.34360948106896622,2.7831881527369791,1.9322299813913282,8.2343619312547501e-05,-2.2010984975535431e-05,0.00049580403480077042,0.00039736609912893294
164,16.400000000000002,0.69932832200300343,-0.054612942821152949,0.052238890075007378,-0.038312399041173402,0.34360948106896622,2.7801032785108384,1.9322030976957156,8.2356632918978575e-05,-2.1992009306057449e-05,0.00049533275780575892,0.00039736609912893294
165,16.5,0.69928284260373874,-0.054641812294586159,0.052238890075007378,-0.038312399041173402,0.34360948106896622,2.777060956167769,1.9321765843191125,8.2369495336048556e-05,-2.1973298091570201e-05,0.0004948679814724006,0.00039736609912893294
166,16.600000000000001,0.69923788881885307,-0.05467036750339594,0.052238890075007378,-0.038312399041173402,0.34360948106896622,2.7740605258691899,1.9321504355403762,8.238220827321455e-05,-2.1954847165203097e-05,0.0004944096049969923,0.00039736609912893294
167,16.699999999999999,0.69919345468824357,-0.054698611547633905,0.052238890075007378,-0.038312399041173402,0.34360948106896622,2.7711013398736544,1.9321246457424188,8.2394773421707034e-05,-2.1936652438048721e-05,0.00049395752942391449,0.00039736609912893294
168,16.800000000000001,0.69914953431867244,-0.054726547503612229,0.052238890075007378,-0.038312399041173402,0.34360948106896622,2.7681827622676591,1.9320992094099241,8.2407192454698092e-05,-2.1918709897391027e-05,0.00049351165760450424,0.00039736609912893294
169,16.900000000000002,0.69910612188296251,-0.054754178423941743,0.052238890075007378,-0.038312399041173402,0.34360948106896622,2.7653041687036413,1.9320741211271228,8.2419467027468874e-05,-2.1901015604982265e-05,0.00049307189415703073,0.00039736609912893294
170,17,0.69906321161920648,-0.054781507337573171,0.052238890075007378,-0.038312399041173402,0.34360948106896622,2.7624649461449491,1.9320493755756254,8.2431598777576062e-05,-2.1883565695366381e-05,0.00049263814542773387,0.00039736609912893294
171,17.100000000000001,0.69902079782999005,-0.054808537249841457,0.052238890075007378,-0.038312399041173402,0.34360948106896622,2.759664492617576,1.9320249675323133,8.2443589325017358e-05,-2.1866356374247793e-05,0.00049221031945289641,0.00039736609912893294
172,17.199999999999999,0.69897887488162669,-0.054835271142513214,0.052238890075007378,-0.038312399041173402,0.34360948106896622,2.7569022169684323,1.9320008918672822,8.2455440272395997e-05,-2.1849383916903849e-05,0.00049178832592191538,0.00039736609912893294
173,17.300000000000001,0.69893743720340562,-0.054861711973837282,0.052238890075007378,-0.038312399041173402,0.34360948106896622,2.7541775386299676,1.93197714354184,8.2467153205084478e-05,-2.1832644666639946e-05,0.00049137207614134313,0.00039736609912893294
174,17.400000000000002,0.69889647928685028,-0.054887862678598173,0.052238890075007378,-0.038312399041173402,0.34360948106896622,2.7514898873909432,1.9319537176065564,8.2478729691387017e-05,-2.1816135033285517e-05,0.00049096148299986812,0.00039736609912893294
175,17.5,0.69885599568499057,-0.054913726168172354,0.052238890075007378,-0.038312399041173402,0.34360948106896622,2.7488387031731674,1.9319306091993615,8.2490171282701325e-05,-2.1799851491730172e-05,0.00049055646093420732,0.00039736609912893294
176,17.600000000000001,0.69881598101164444,-0.054939305330587655,0.052238890075007378,-0.038312399041173402,0.34360948106896622,2.7462234358140076,1.9319078135436913,8.2501479513679199e-05,-2.1783790580498142e-05,0.00049015692589587988,0.00039736609912893294
177,17.699999999999999,0.69877642994071221,-0.054964603030585077,0.052238890075007378,-0.038312399041173402,0.34360948106896622,2.7436435448545184,1.9318853259466855,8.2512655902386182e-05,-2.1767948900360356e-05,0.00048976279531883979,0.00039736609912893294
178,17.800000000000001,0.69873733720548004,-0.054989622109683597,0.052238890075007378,-0.038312399041173402,0.34360948106896622,2.7410984993329968,1.931863141797423,8.2523701950460143e-05,-2.175232311298267e-05,0.00048937398808793664,0.00039736609912893294
179,17.900000000000002,0.69869869759793457,-0.055014365386247571,0.052238890075007378,-0.038312399041173402,0.34360948106896622,2.7385877775838168,1.9318412565652088,8.2534619143268928e-05,-2.1736909939609532e-05,0.00048899042450818459,0.00039736609912893294
180,18,0.69866050596808915,-0.055038835655556603,0.052238890075007378,-0.038312399041173402,0.34360948106896622,2.7361108670413827,1.9318196657979001,8.2545408950067037e-05,-2.1721706159781292e-05,0.00048861202627481135,0.00039736609912893294
181,18.100000000000001,0.69862275722331668,-0.055063035689878095,0.052238890075007378,-0.038312399041173402,0.34360948106896622,2.73366726404904,1.9317983651202748,8.255607282415102e-05,-2.1706708610085149e-05,0.00048823871644406564,0.00039736609912893294
182,18.199999999999999,0.69858544632769615,-0.055086968238542179,0.052238890075007378,-0.038312399041173402,0.34360948106896622,2.73125647367281,1.9317773502324398,8.2566612203014163e-05,-2.1691914182937754e-05,0.00048787041940476185,0.00039736609912893294
183,18.300000000000001,0.69854856830136491,-0.055110636028019078,0.052238890075007378,-0.038312399041173402,0.34360948106896622,2.7288780095197951,1.9317566169082803,8.2577028508499942e-05,-2.1677319825398976e-05,0.00048750706085053737,0.00039736609912893294
184,18.400000000000002,0.69851211821988279,-0.05513404176199873,0.052238890075007378,-0.038312399041173402,0.34360948106896622,2.7265313935611268,1.9317361609939463,8.2587323146954359e-05,-2.1662922538016225e-05,0.00048714856775280377,0.00039736609912893294
185,18.5,0.6984760912136051,-0.055157188121472855,0.052238890075007378,-0.038312399041173402,0.34360948106896622,2.724216155959311,1.9317159784063753,8.2597497509377522e-05,-2.1648719373697662e-05,0.00048679486833437205,0.00039736609912893294
186,18.600000000000001,0.69844048246706181,-0.055180077764819029,0.052238890075007378,-0.038312399041173402,0.34360948106896622,2.7219318348998591,1.9316960651318538,8.2607552971573808e-05,-2.1634707436613802e-05,0.00048644589204372882,0.00039736609912893294
187,18.699999999999999,0.69840528721834827,-0.0552027133278871,0.052238890075007378,-0.038312399041173402,0.34360948106896622,2.7196779764270644,1.9316764172246086,8.2617490894301268e-05,-2.1620883881127181e-05,0.00048610156952994888,0.00039736609912893294
188,18.800000000000001,0.69837050075852314,-0.055225097424087481,0.052238890075007378,-0.038312399041173402,0.34360948106896622,2.7174541342838161,1.931657030805439,8.2627312623419739e-05,-2.1607245910748292e-05,0.00048576183261822369,0.00039736609912893294
189,18.900000000000002,0.6983361184310144,-0.055247232644481732,0.052238890075007378,-0.038312399041173402,0.34360948106896622,2.7152598697553265,1.9316379020603762,8.2637019490038112e-05,-2.1593790777117925e-05,0.00048542661428598689,0.00039736609912893294
190,19,0.69830213563103349,-0.055269121557874883,0.052238890075007378,-0.038312399041173402,0.34360948106896622,2.713094751516667,1.9316190272393774,8.2646612810660365e-05,-2.1580515779014225e-05,0.00048509584863962326,0.00039736609912893294
191,19.100000000000001,0.69821778683688296,-0.055360283801038607,0.052379814689177608,-0.038181456467874193,0.34384571550721477,2.7042791889777571,1.9314925263012508,8.0589805103339191e-05,-2.1491584458558907e-05,0.00048476947089173963,0.00039736609912893294
192,19.200000000000003,0.69812145257361291,-0.055459555105353608,0.052521325947368573,-0.038050410320609442,0.34408194994546326,2.6952719405592505,1.9311931245457084,7.8584177615875666e-05,-2.1281371697502497e-05,0.00048444741733898644,0.00039736609912893294
193,19.300000000000001,0.69801554647036934,-0.05556529522001552,0.052663427002093519,-0.037919259901354842,0.34431818438371176,2.6860784642416342,1.9307740522773975,7.66283199244021e-05,-2.0987767495399049e-05,0.00048412962534041207,0.00039736609912893294
194,19.400000000000002,0.69790178589286489,-0.055676343425614783,0.052806121026366601,-0.037788004506437246,0.34455441882196025,2.6767041260647781,1.9302731738405137,7.4720869251440551e-05,-2.0637801479361637e-05,0.00048381603329633431,0.00039736609912893294
195,19.5,0.69778139404793571,-0.055791877530636094,0.052949411213858516,-0.037656643426476004,0.3447906532602088,2.6671542011749305,1.9297174838276319,7.2860508468487005e-05,-2.0250732326404726e-05,0.00048350658062771635,0.00039736609912893294
196,19.600000000000001,0.69765524186315286,-0.055911316022154961,0.053093300779053179,-0.037525175946323985,0.3450268876984573,2.6574338748689841,1.9291262489161376,7.1045964197621073e-05,-1.9840259120379162e-05,0.00048320120775603178,0.00039736609912893294
197,19.700000000000003,0.6975239482522716,-0.056034249445100409,0.05323779295740589,-0.037393601345007493,0.34526312213670585,2.6475482436358502,1.9285132215912326,6.9276005006512883e-05,-1.9416104172431669e-05,0.00048289985608360522,0.00039736609912893294
198,19.800000000000001,0.69738795132039932,-0.056160391897656953,0.053382891005503003,-0.037261918895665866,0.34549935657495434,2.6375023161946536,1.92788820967431,6.7549439691563717e-05,-1.898514592423901e-05,0.00048260246797441676,0.00039736609912893294
199,19.900000000000002,0.69724755911090441,-0.056289546547299521,0.053528598201222771,-0.037130127865489665,0.34573559101320284,2.6273010145295754,1.9272581941991516,6.586511564424965e-05,-1.8552229794202788e-05,0.00048230898673535448,0.00039736609912893294
200,20,0.6971029858627904,-0.056421581013619639,0.053674917843897559,-0.03699822751565874,0.34597182545145139,2.6169491749211122,1.9266281282043993,6.4221917296051475e-05,-1.8120748492087513e-05,0.00048201935659790608,0.00039736609912893294
201,20.100000000000001,0.69695437952205819,-0.056556408644686043,0.053821853254477824,-0.036866217101279006,0.34620805988969988,2.6064515489735625,1.926001543789607,6.261876463764178e-05,-1.769308114086185e-05,0.00048173352270027529,0.00039736609912893294
202,20.200000000000003,0.69680183821438879,-0.056693977362992677,0.053969407775697024,-0.03673409587131863,0.34644429432794838,2.595812804638522,1.9253809150972778,6.1054611808271175e-05,-1.7270857879685495e-05,0.00048145143106991184,0.00039736609912893294
203,20.300000000000001,0.69664542242530469,-0.056834261406781439,0.054117584772238311,-0.036601863068543392,0.34668052876619693,2.5850375272342552,1.9247679271385609,5.9528445751545453e-05,-1.6855155137035942e-05,0.00048117302860644566,0.00039736609912893294
204,20.400000000000002,0.69648516647306769,-0.056977253466416231,0.054266387630902573,-0.036469517929451051,0.34691676320444542,2.5741302204606882,1.9241637303011734,5.8039284934018963e-05,-1.6446677007244788e-05,0.00048089826306501113,0.00039736609912893294
205,20.5,0.69632108531049564,-0.057122960037709433,0.054415819760777875,-0.036337059684204975,0.34715299764269392,2.563095307409939,1.9235690913564667,5.6586178123247214e-05,-1.6045863161319306e-05,0.00048062708303995362,0.00039736609912893294
206,20.600000000000001,0.69615317940123911,-0.057271398085632627,0.05456588459341051,-0.036204487556566994,0.34738923208094241,2.5519371315721391,1.9229845020561585,5.5168203222144365e-05,-1.5652966009326251e-05,0.00048035943794890606,0.00039736609912893294
207,20.700000000000003,0.69598143821262037,-0.057422592651951113,0.054716585582977352,-0.036071800763829126,0.34762546651919096,2.5406599578364442,1.922410257242233,5.3784466156680109e-05,-1.5268105856047398e-05,0.00048009527801722886,0.00039736609912893294
208,20.800000000000001,0.69580584271388979,-0.057576575143455717,0.054867926206459999,-0.035938998516744716,0.34786170095743946,2.5292679734870513,1.9218465110332041,5.2434099814126778e-05,-1.4891310307259848e-05,0.00047983455426279744,0.00039736609912893294
209,20.900000000000002,0.69562636715900139,-0.057733382111395108,0.055019909963820099,-0.035806080019458279,0.34809793539568795,2.5177652891941014,1.9212933172411155,5.1116263029232905e-05,-1.4522542405635756e-05,0.00047957721848113636,0.00039736609912893294
210,21,0.69544298035427632,-0.057893054385810799,0.055172540378176448,-0.035673044469434853,0.3483341698339365,2.5061559399993034,1.9207506584445089,4.9830139615852024e-05,-1.4161720702267929e-05,0.00047932322323088308,0.00039736609912893294
211,21.100000000000001,0.69525564804588635,-0.058055635398960484,0.055325820995983661,-0.035539891057388119,0.348570404272185,2.4944438862961502,1.9202185004633254,4.857493744170039e-05,-1.3808755793057693e-05,0.00047907252181957777,0.00039736609912893294
212,21.200000000000003,0.69506433151984748,-0.058221172209717516,0.055479755387212205,-0.035406618967207537,0.34880663871043349,2.4826330148046196,1.9196967617872054,4.7349887544051108e-05,-1.3463530086738647e-05,0.00047882506828976869,0.00039736609912893294
213,21.300000000000001,0.69486898694008647,-0.058389716006808999,0.055634347145530165,-0.035273227375884862,0.34904287314868204,2.4707271395402119,1.9191852996518504,4.6154243284298264e-05,-1.3125888824017252e-05,0.00047858081740542491,0.00039736609912893294
214,21.400000000000002,0.69466956746895125,-0.058561320615238721,0.055789599888486592,-0.03513971545343933,0.34927910758693054,2.4587300027772132,1.918683958896283,4.4987279539441536e-05,-1.2795672498506684e-05,0.00047833972463864877,0.00039736609912893294
215,21.5,0.69446602340517072,-0.058736042418080329,0.055945517257696462,-0.035006082362841896,0.34951534202517903,2.4466452760060764,1.9181925763409757,4.3848291928653232e-05,-1.2472719629103669e-05,0.00047810174615668042,0.00039736609912893294
216,21.600000000000001,0.69425830226219609,-0.058913940321255652,0.056102102919027265,-0.034872327259938642,0.34975157646342758,2.4344765608848054,1.9177109839322684,4.2736596073191625e-05,-1.2156868692032643e-05,0.00047786683880918587,0.00039736609912893294
217,21.700000000000003,0.69404634880222416,-0.05909507575075397,0.05625936056278711,-0.034738449293373018,0.34998781090167608,2.4222273901842541,1.9172390109983521,4.165152688802219e-05,-1.1847959453634806e-05,0.00047763496011582327,0.00039736609912893294
218,21.800000000000001,0.69383010503681375,-0.059279512674770676,0.056417293903914756,-0.034604447604506934,0.35022404533992463,2.4099012287272128,1.9167764858652634,4.059243790359821e-05,-1.1545833876360373e-05,0.00047740606825407783,0.00039736609912893294
219,21.900000000000002,0.69360951020186157,-0.059467317645425559,0.0565759066821711,-0.034470321327341132,0.35046027977817312,2.3975014743212135,1.9163232370116565,3.9558700616338311e-05,-1.1250336721309536e-05,0.00047718012204736078,0.00039736609912893294
220,22,0.6933845007124273,-0.059658559856301245,0.056735202662332403,-0.034336069588434104,0.35069651421642162,2.3850314586849533,1.9158790938910157,3.8549703866417306e-05,-1.0961315935515078e-05,0.00047695708095336393,0.00039736609912893294
221,22.100000000000001,0.69315501183461914,-0.059853309956168083,0.056895185634385385,-0.034201691506820023,0.35093274865467017,2.3724944483682524,1.9154439266687409,3.7564853241562448e-05,-1.0678648297812001e-05,0.00047673690505266412,0.00039736609912893294
222,22.200000000000003,0.69292097524914398,-0.060051641838541323,0.057055859413723736,-0.034067186193925819,0.35116898309291866,2.3598936456654669,1.9150175933311377,3.6603570505617379e-05,-1.0402204796062417e-05,0.00047651955503757223,0.00039736609912893294
223,22.300000000000001,0.69268231769231481,-0.060253633661346215,0.057217227841346703,-0.033932552753486646,0.35140521753116716,2.3472321895222672,1.9145999111961858,3.5665293050702267e-05,-1.013183216089238e-05,0.00047630499220121749,0.00039736609912893294
224,22.400000000000002,0.69243896298287089,-0.060459366410704034,0.057379294784059211,-0.033797790281460627,0.35164145196941571,2.3345131564357264,1.9141907050761564,3.4749473371860755e-05,-9.8673840752080666e-06,0.0004760931784268657,0.00039736609912893294
225,22.5,0.69219083185097086,-0.060668924057240253,0.057542064134673922,-0.033662897865942183,0.3518776864076642,2.3217395613476253,1.913789805978843,3.3855578563143121e-05,-9.6087201872560874e-06,0.00047588407617746168,0.00039736609912893294
226,22.600000000000001,0.69193784177553086,-0.060882393708662844,0.057705539812214948,-0.033527874587074298,0.3521139208459127,2.3089143585309397,1.9133970501638387,3.2983089834129941e-05,-9.3557053700671797e-06,0.0004756776484853915,0.00039736609912893294
227,22.700000000000003,0.69167990682495439,-0.061099865762247518,0.057869725762123424,-0.033392719516959442,0.35235015528416119,2.296040442469407,1.9130122784532877,3.2131502045952277e-05,-9.108209158665456e-06,0.00047547385894246096,0.00039736609912893294
228,22.800000000000001,0.69141693749752065,-0.061321434060013266,0.058034625956465045,-0.033257431719569408,0.35258638972240974,2.2831206487301454,1.9126353357249539,3.1300323265913639e-05,-8.8661053158609933e-06,0.00047527267169008159,0.00039736609912893294
229,22.900000000000002,0.69114884055857428,-0.061547196048772318,0.058200244394139344,-0.033122010250653901,0.35282262416065824,2.2701577548292544,1.9122660705358874,3.0489074339864402e-05,-8.6292714913581066e-06,0.00047507405140966225,0.00039736609912893294
230,23,0.69087551887226695,-0.061777252946825179,0.058366585101090669,-0.032986454157647525,0.35305885859890673,2.2571544810903372,1.9119043348396181,2.9697288481523128e-05,-8.3975889488764834e-06,0.0004748779633131987,0.00039736609912893294
231,23.100000000000001,0.69056558594968265,-0.062011708632905706,0.058533652130521467,-0.032882049511528864,0.35329509303715528,2.2441134914959089,1.9115500235253053,2.8924510877980016e-05,-8.1709677539253492e-06,0.00047468437313405903,0.00039736609912893294
232,23.200000000000003,0.6902501244451229,-0.062250671579796128,0.05870144956310705,-0.032777608332056514,0.35353132747540378,2.2310373945316462,1.9112030200697292,2.8170298310655932e-05,-7.949311836906667e-06,0.0004744932471179571,0.00039736609912893294
233,23.300000000000001,0.6899290229052486,-0.062494255995155609,0.0588699815072126,-0.032673130357758526,0.35376756191365233,2.2179287440233981,1.9108631672509846,2.7434218791027361e-05,-7.7325003151569811e-06,0.0004743045520141122,0.00039736609912893294
234,23.400000000000002,0.6896021654362664,-0.062742580453419655,0.059039252099111969,-0.032568615325385568,0.35400379635190082,2.204790039966976,1.9105303157747344,2.671585121046133e-05,-7.5204185634848634e-06,0.00047411825506658823,0.00039736609912893294
235,23.5,0.68926943142037977,-0.062995768162149191,0.059209265503208368,-0.032464062969896193,0.35424003079014932,2.1916237293506251,1.9102043227242091,2.6014785003537382e-05,-7.3129571397343909e-06,0.00047393432400581075,0.00039736609912893294
236,23.600000000000001,0.6889306952365899,-0.063253947229284735,0.059380025912257335,-0.032359473024441608,0.35447626522839787,2.1784322069701827,1.9098850504354921,2.5330619824263651e-05,-7.110010993042306e-06,0.00047375272704025398,0.00039736609912893294
237,23.700000000000003,0.68858582597942786,-0.063517250936224012,0.059551537547591328,-0.03225484522035045,0.35471249966664636,2.1652178162368645,1.9095723656779391,2.4662965234623541e-05,-6.9114788753372796e-06,0.00047357343284829705,0.00039736609912893294
238,23.800000000000001,0.68823468717060121,-0.063785818020661439,0.059723804659346624,-0.032150179287113424,0.35494873410489486,2.1519828499776694,1.9092661390535504,2.4011440404916556e-05,-6.717262899171455e-06,0.00047339641057024415,0.00039736609912893294
239,23.900000000000002,0.68787713645951065,-0.064059792972464114,0.059896831526692326,-0.032045474952367606,0.35518496854314341,2.1387295512283608,1.9089662445534945,2.3375673825382619e-05,-6.5272682011083562e-06,0.00047322162980050392,0.00039736609912893294
240,24,0.68751302530924829,-0.064339326345426107,0.060070622458060906,-0.031940731941880934,0.3554212029813919,2.1254601140189848,1.908672559227472,2.2755303028623947e-05,-6.3414026814449725e-06,0.00047304906057992586,0.00039736609912893294
241,24.100000000000001,0.68714220065915943,-0.064624573615219894,0.060245181791381726,-0.031835949979535975,0.3556574374196404,2.1121766841519509,1.9083850081736122,2.2149974322361412e-05,-6.1596053864751128e-06,0.00047287867338828874,0.00039736609912893294
242,24.200000000000003,0.68676450185203208,-0.064915697535726041,0.060420513894315644,-0.031731128787314211,0.35589367185788895,2.0988813599725824,1.9081035026412254,2.1559342532084332e-05,-5.9818072494639898e-06,0.00047271043913693839,0.00039736609912893294
243,24.300000000000001,0.68637975880065094,-0.065212869594209175,0.060596623164492658,-0.031626268085279637,0.35612990629613744,2.0855761931321948,1.9078279067565993,2.0983070753173291e-05,-5.8079101216780927e-06,0.00047254432916157103,0.00039736609912893294
244,24.400000000000002,0.68598779403404475,-0.065516268607278272,0.060773514029751181,-0.031521367591562294,0.35636614073438594,2.0722631893436163,1.907558092887347,2.0420830112095447e-05,-5.6378217690888175e-06,0.00047238031521515866,0.00039736609912893294
245,24.5,0.68558842219575111,-0.065826081203197162,0.060951190948379592,-0.031416427022341993,0.35660237517263449,2.058944309129183,1.9072939398767887,1.9872299536289966e-05,-5.4714547045264649e-06,0.00047221836946101321,0.00039736609912893294
246,24.600000000000001,0.68518144953213123,-0.066142502319981644,0.061129658409359966,-0.03131144609183114,0.35683860961088298,2.045621468561174,1.9070353317666977,1.9337165532379336e-05,-5.3087253363804992e-06,0.00047205846446598583,0.00039736609912893294
247,24.700000000000003,0.6847666733618466,-0.066465735726497138,0.061308920932614232,-0.03120642451225827,0.35707484404913148,2.0322965399946815,1.906782156870374,1.8815121972358715e-05,-5.1495533444633583e-06,0.00047190057319380013,0.00039736609912893294
248,24.800000000000001,0.68434388151906,-0.066795994572809381,0.061488983069252295,-0.031101361993850628,0.35731107848737997,2.0189713527929105,1.9065343070970702,1.8305869887431407e-05,-4.9938612190324852e-06,0.00047174466899851339,0.00039736609912893294
249,24.900000000000002,0.68391285176381778,-0.067133501975470009,0.061669849401822505,-0.030996258244817016,0.35754731292562852,2.0056476940448889,1.9062916774568208,1.7809117269173676e-05,-4.841573917131017e-06,0.0004715907256181054,0.00039736609912893294
250,25,0.68347335115360452,-0.067478491643141708,0.061851524544564572,-0.030891112971330365,0.35778354736387702,1.9923273092756044,1.9060541656947965,1.7324578877726277e-05,-4.6926186034121353e-06,0.00047143871716818977,0.00039736609912893294
251,25.100000000000001,0.68302513737855874,-0.067831207055359222,0.062034013143664551,-0.030785925877510088,0.35801978180212551,1.9790119031485434,1.9058217176547294,1.6851976056723762e-05,-4.5469530390801923e-06,0.00047128861813584757,0.00039736609912893294
252,25.200000000000003,0.68256795529591019,-0.06819190421972271,0.062217319877512348,-0.030680696665404215,0.35825601624037406,1.9657031401606413,1.9055942647883142,1.6391036554685327e-05,-4.4045263332902134e-06,0.00047114040337357742,0.00039736609912893294
253,25.300000000000001,0.68210153468220025,-0.068560853545326816,0.062401449456961411,-0.030575425034971342,0.35849225067862256,1.9524026453296437,1.9053716906191573,1.5941494352603492e-05,-4.265257987048617e-06,0.00047099404809336292,0.00039736609912893294
254,25.400000000000002,0.68162559185494498,-0.068938338855469905,0.062586406625590993,-0.030470110684062607,0.35872848511687111,1.9391120048738824,1.9051538866082001,1.5503089497478046e-05,-4.1290729043160745e-06,0.00047084952786085048,0.00039736609912893294
255,25.5,0.68113982868570289,-0.069324658355162494,0.062772196159970761,-0.030364753308403009,0.3589647195551196,1.925832766884465,1.9049407503667262,1.5075567941554321e-05,-3.9959002394410194e-06,0.0004707068185896404,0.00039736609912893294
256,25.600000000000001,0.6806439315570505,-0.069720125660514415,0.062958822869927614,-0.030259352601573111,0.3592009539933681,1.9125664419898822,1.9047321843663818,1.465868138703488e-05,-3.8656725615640155e-06,0.00047056589653568314,0.00039736609912893294
257,25.700000000000003,0.68013757024914123,-0.07012507090266365,0.063146291598815379,-0.030153908254990064,0.35943718843161665,1.8993145040130499,1.9045280950055909,1.4252187136043983e-05,-3.7383252462963296e-06,0.00047042673829178255,0.00039736609912893294
258,25.800000000000001,0.67962039674229469,-0.070539841918626264,0.063334607223786629,-0.030048419957888602,0.35967342286986514,1.8860783906207861,1.9043283919315865,1.3855847945633558e-05,-3.6137960304478892e-06,0.00047028932078220243,0.00039736609912893294
259,25.900000000000002,0.6790920439221626,-0.070964805541670506,0.063523774656067122,-0.029942887397301953,0.35990965730811364,1.8728595039657305,1.9041329875458248,1.3469431887628543e-05,-3.492024683818189e-06,0.00047015362125737249,0.00039736609912893294
260,26,0.67855212417361188,-0.071400349004472452,0.063713798841232849,-0.029837310258042368,0.36014589174636219,1.8596592113207189,1.9039417966410173,1.309271221311802e-05,-3.3729527651170449e-06,0.00047001961728869457,0.00039736609912893294
261,26.100000000000001,0.67852321097434465,-0.071423394263564394,0.063713798841232849,-0.029837310258042368,0.36014589174636219,1.8591210536262546,1.9037804296027716,1.3092814923183848e-05,-3.2725113447306634e-06,0.00046988728676344475,0.00039736609912893294
262,26.200000000000003,0.6784965397966769,-0.071444751514504773,0.063713798841232849,-0.029837310258042368,0.36014589174636219,1.8585896127767512,1.9036643494987513,1.3092916409677299e-05,-3.2002902077697901e-06,0.00046975660787976892,0.00039736609912893294
263,26.300000000000001,0.67847154373617213,-0.071464843664559879,0.063713798841232849,-0.029837310258042368,0.36014589174636219,1.8580648013533669,1.9035807179558464,1.3093016687155995e-05,-3.148273944796565e-06,0.00046962755914177267,0.00039736609912893294
264,26.400000000000002,0.6784478156490612,-0.071483974677088016,0.063713798841232849,-0.029837310258042368,0.36014589174636219,1.8575465331619201,1.9035203329158126,1.30931157700048e-05,-3.1107248541523866e-06,0.00046950011935469917,0.00039736609912893294
265,26.5,0.67842506303514805,-0.071502363059880225,0.063713798841232849,-0.029837310258042368,0.36014589174636219,1.8570347232136424,1.9034766011105906,1.3093213672437863e-05,-3.0835356804416676e-06,0.00046937426762019743,0.00039736609912893294
266,26.600000000000001,0.67840307560792912,-0.071520165986394296,0.063713798841232849,-0.029837310258042368,0.36014589174636219,1.8565292877062831,1.9034447996890118,1.3093310408500624e-05,-3.0637662870229491e-06,0.00046924998333167616,0.00039736609912893294
267,26.700000000000003,0.67838170201183234,-0.071537496638901604,0.063713798841232849,-0.029837310258042368,0.36014589174636219,1.8560301440055598,1.9034215462181177,1.3093405992071804e-05,-3.0493119934927343e-06,0.00046912724616974129,0.00039736609912893294
268,26.800000000000001,0.67836083312061202,-0.071554436662411403,0.063713798841232849,-0.029837310258042368,0.36014589174636219,1.8555372106269441,1.903404418553972,1.30935004368654e-05,-3.0386661625739513e-06,0.00046900603609771884,0.00039736609912893294
269,26.900000000000002,0.67834039006381441,-0.071571045099664971,0.063713798841232849,-0.029837310258042368,0.36014589174636219,1.8550504072177774,1.9033916823551964,1.3093593756432601e-05,-3.0307502533053796e-06,0.00046888633335725614,0.00039736609912893294
270,27,0.6783203156464882,-0.07158736479740152,0.063713798841232849,-0.029837310258042368,0.36014589174636219,1.8545696545397075,1.9033820958351662,1.3093685964163715e-05,-3.0247921684557683e-06,0.00046876811846400325,0.00039736609912893294
271,27.100000000000001,0.67830056820236562,-0.071603426997476849,0.063713798841232849,-0.029837310258042368,0.36014589174636219,1.8540948744514461,1.9033747698984766,1.3093777073290092e-05,-3.0202391722644459e-06,0.00046865137220337348,0.00039736609912893294
272,27.200000000000003,0.67828111719129047,-0.071619254626077405,0.063713798841232849,-0.029837310258042368,0.36014589174636219,1.8536259898918299,1.9033690679715125,1.309386709688598e-05,-3.016695554568019e-06,0.00046853607562637775,0.00039736609912893294
273,27.300000000000001,0.67826194004641127,-0.071634864649675389,0.063713798841232849,-0.029837310258042368,0.36014589174636219,1.8531629248631853,1.9033645342720311,1.3093956047870396e-05,-3.0138780090670882e-06,0.00046842221004553459,0.00039736609912893294
274,27.400000000000002,0.67824301991659641,-0.071650269762252555,0.063713798841232849,-0.029837310258042368,0.36014589174636219,1.8527056044149928,1.9033608424489512,1.3094043939008943e-05,-3.0115836918588672e-06,0.00046830975703085248,0.00039736609912893294
275,27.5,0.67822434404998877,-0.071665479593479436,0.063713798841232849,-0.029837310258042368,0.36014589174636219,1.8522539546278363,1.9033577588102615,1.3094130782915644e-05,-3.0096673568515946e-06,0.00046819869840588398,0.00039736609912893294
276,27.600000000000001,0.67820590263666525,-0.071680501573800653,0.063713798841232849,-0.029837310258042368,0.36014589174636219,1.8518079025976424,1.9033551159968927,1.3094216592054725e-05,-3.00802498865898e-06,0.0004680890162438494,0.00039736609912893294
277,27.700000000000003,0.6781876879800216,-0.071695341553832614,0.063713798841232849,-0.029837310258042368,0.36014589174636219,1.8513673764201897,1.9033527941358352,1.3094301378742373e-05,-3.0065820865690649e-06,0.00046798069286382849,0.00039736609912893294
278,27.800000000000001,0.6781696939035089,-0.071710004247841658,0.063713798841232849,-0.029837310258042368,0.36014589174636219,1.8509323051759021,1.9033507073480191,1.3094385155148515e-05,-3.0052852778793927e-06,0.00046787371082702029,0.00039736609912893294
279,27.900000000000002,0.67815191532586627,-0.071724493551270391,0.063713798841232849,-0.029837310258042368,0.36014589174636219,1.8505026189148936,1.9033487940897447,1.3094467933298523e-05,-3.0040963144837462e-06,0.00046776805293306692,0.00039736609912893294
280,28,0.67813434795697958,-0.071738812768090215,0.063713798841232849,-0.029837310258042368,0.36014589174636219,1.8500782486422909,1.9033470102385155,1.3094549725074935e-05,-3.0029877754558495e-06,0.00046766370221644314,0.00039736609912893294
281,28.100000000000001,0.67811698808009147,-0.071752964773598688,0.063713798841232849,-0.029837310258042368,0.36014589174636219,1.8496591263037983,1.9033453241435261,1.3094630542219134e-05,-3.0019399908325301e-06,0.00046756064194290763,0.00039736609912893294
282,28.200000000000003,0.67809983239583316,-0.071766952131002357,0.063713798841232849,-0.029837310258042368,0.36014589174636219,1.8492451847715221,1.9033437130825672,1.3094710396333043e-05,-3.0009388395647214e-06,0.00046745885560601732,0.00039736609912893294
283,28.300000000000001,0.67808287791050603,-0.071780777174915961,0.063713798841232849,-0.029837310258042368,0.36014589174636219,1.8488363578300346,1.9033421607257226,1.3094789298880732e-05,-2.999974173222374e-06,0.00046735832692370005,0.00039736609912893294
284,28.400000000000002,0.67806612185604387,-0.071794442071178494,0.063713798841232849,-0.029837310258042368,0.36014589174636219,1.8484325801626837,1.9033406553197711,1.3094867261190099e-05,-2.9990386876306781e-06,0.00046725903983488878,0.00039736609912893294
285,28.5,0.67804956163265373,-0.071807948859715143,0.063713798841232849,-0.029837310258042368,0.36014589174636219,1.8480337873381356,1.9033391883885069,1.3094944294454441e-05,-2.9981271151484869e-06,0.00046716097849621205,0.00039736609912893294
286,28.600000000000001,0.67803319476768953,-0.071821299485263002,0.063713798841232849,-0.029837310258042368,0.36014589174636219,1.8476399157971477,1.9033377538023679,1.3095020409734067e-05,-2.9972356464708815e-06,0.00046706412727874164,0.00039736609912893294
287,28.700000000000003,0.67801701888614696,-0.071834495819408484,0.063713798841232849,-0.029837310258042368,0.36014589174636219,1.8472509028395709,1.9033363471124323,1.309509561795787e-05,-2.996361516731894e-06,0.00046696847076479651,0.00039736609912893294
288,28.800000000000001,0.67800103168948045,-0.07184753967640567,0.063713798841232849,-0.029837310258042368,0.36014589174636219,1.8468666866115706,1.9033349650736606,1.3095169929924877e-05,-2.9955027092176095e-06,0.00046687399374480067,0.00039736609912893294
289,28.900000000000002,0.67798523094037233,-0.071860432824542075,0.063713798841232849,-0.029837310258042368,0.36014589174636219,1.8464872060930675,1.9033336053036034,1.3095243356305787e-05,-2.9946577432682071e-06,0.00046678068121419451,0.00039736609912893294
290,29,0.6779696144517694,-0.071873176994317528,0.063713798841232849,-0.029837310258042368,0.36014589174636219,1.8461124010853898,1.9033322660380803,1.3095315907644491e-05,-2.9938255224451773e-06,0.00046668851837039889,0.00039736609912893294
291,29.100000000000001,0.67795418007896957,-0.071885773884341295,0.063713798841232849,-0.029837310258042368,0.36014589174636219,1.8457422121991354,1.9033309459562779,1.3095387594359588e-05,-2.9930052258377098e-06,0.00046659749060983056,0.00039736609912893294
292,29.200000000000003,0.67793892571389602,-0.071898225165595353,0.063713798841232849,-0.029837310258042368,0.36014589174636219,1.8453765808422389,1.9033296440555361,1.3095458426745836e-05,-2.9921962302495732e-06,0.00046650758352496729,0.00039736609912893294
293,29.300000000000001,0.6779238492809353,-0.071910532484528833,0.063713798841232849,-0.029837310258042368,0.36014589174636219,1.845015449208238,1.9033283595617045,1.3095528414975651e-05,-2.991398054491118e-06,0.00046641878290146362,0.00039736609912893294
294,29.400000000000002,0.67790894873389751,-0.071922697465314434,0.063713798841232849,-0.029837310258042368,0.36014589174636219,1.8446587602647369,1.9033270918649643,1.3095597569100533e-05,-2.9906103194953178e-06,0.00046633107471531331,0.00039736609912893294
295,29.5,0.67789422205377703,-0.071934721711505778,0.063713798841232849,-0.029837310258042368,0.36014589174636219,1.8443064577420669,1.9033258404738704,1.3095665899052517e-05,-2.9898327197604229e-06,0.00046624444513006095,0.00039736609912893294
296,29.600000000000001,0.67787966724709114,-0.071946606807265168,0.063713798841232849,-0.029837310258042368,0.36014589174636219,1.8439584861221292,1.9033246049824508,1.3095733414645571e-05,-2.9890650029012594e-06,0.000466158880494059,0.00039736609912893294
297,29.700000000000003,0.67786528234462873,-0.071958354318283721,0.063713798841232849,-0.029837310258042368,0.36014589174636219,1.8436147906274261,1.9033233850466378,1.3095800125577003e-05,-2.9883069550049485e-06,0.00046607436733777052,0.00039736609912893294
298,29.800000000000001,0.67785106540049556,-0.071969965792481327,0.063713798841232849,-0.029837310258042368,0.36014589174636219,1.8432753172102769,1.9033221803673883,1.3095866041428845e-05,-2.9875583901411255e-06,0.00046599089237111716,0.00039736609912893294
299,29.900000000000002,0.67783701449137057,-0.071981442760548422,0.063713798841232849,-0.029837310258042368,0.36014589174636219,1.8429400125422108,1.9033209906785928,1.3095931171669214e-05,-2.9868191428471902e-06,0.00046590844248087059,0.00039736609912893294
300,30,0.67782312771591624,-0.071992786736374798,0.063713798841232849,-0.029837310258042368,0.36014589174636219,1.8426088240035312,1.9033198157384073,1.3095995525653661e-05,-2.9860890627422664e-06,0.0004658270047280871,0.00039736609912893294
